A股代码,B股代码,证券简称,扩位证券简称,公司英文全称,上市日期
688001,-,华兴源创,苏州华兴源创科技,"SUZHOU HYC TECHNOLOGY CO.,LTD",20190722
688002,-,睿创微纳,睿创微纳,"RAYTRON TECHNOLOGY CO.,LTD.",20190722
688003,-,天准科技,天准科技,"SUZHOU TZTEK TECHNOLOGY CO., LTD",20190722
688004,-,博汇科技,北京博汇科技,"BEIJING BOHUI SCIENCE & TECHNOLOGY CO.,LTD",20200612
688005,-,容百科技,容百科技,"Ningbo Ronbay New Energy Technology Co.,Ltd.",20190722
688006,-,杭可科技,浙江杭可科技,Zhejiang HangKe Technology Incorporated Company,20190722
688007,-,光峰科技,光峰科技,Appotronics Corporation Limited,20190722
688008,-,澜起科技,澜起科技,"MONTAGE TECHNOLOGY CO., LTD.",20190722
688009,-,中国通号,中国通号,China Railway Signal & Communication Corporation Limited,20190722
688010,-,福光股份,福光股份,"Fujian Forecam Optics Co.,Ltd.",20190722
688011,-,新光光电,新光光电科技股份,"Harbin Xinguang Optic-Electronics Technology Co.,Ltd.",20190722
688012,-,中微公司,中微半导体设备,Advanced Micro-Fabrication Equipment Inc. China,20190722
688013,-,天臣医疗,天臣国际医疗科技,"Touchstone International Medical Science Co., Ltd.",20200928
688015,-,交控科技,交控科技,"Traffic Control Technology Co., Ltd.",20190722
688016,-,心脉医疗,心脉医疗,"Shanghai Microport Endovascular Medtech(Group) Co.,Ltd.",20190722
688017,-,绿的谐波,绿的谐波,"LEADER HARMONIOUS DRIVE SYSTEMS CO., LTD",20200828
688018,-,乐鑫科技,乐鑫科技,"Espressif Systems (Shanghai) Co., Ltd.",20190722
688019,-,安集科技,安集科技,"Anji Microelectronics Technology (Shanghai) Co., Ltd.",20190722
688020,-,方邦股份,方邦股份,"GUANGZHOU FANGBANG ELECTRONICS CO.,LTD",20190722
688021,-,奥福环保,奥福环保,"Aofu Environmental Technology Co., Ltd.",20191106
688022,-,瀚川智能,瀚川智能,"Suzhou Harmontronics Automation Technology Co.,Ltd",20190722
688023,-,安恒信息,安恒信息,"DBAPPSecurity Co., Ltd.",20191105
688025,-,杰普特,杰普特光电,"Shenzhen JPT Opto-Electronics Co., Ltd.",20191031
688026,-,洁特生物,洁特生物股份,"Guangzhou Jet Biofiltration Co.,Ltd",20200122
688027,-,国盾量子,科大国盾量子,"Quantumctek Co., Ltd.",20200709
688028,-,沃尔德,沃尔德金刚石,"Beijing Worldia Diamond Tools Co.,Ltd.",20190722
688029,-,南微医学,南微医学科技,"Micro-Tech (Nanjing) Co.,Ltd",20190722
688030,-,山石网科,山石网科,"Hillstone Networks Co., Ltd.",20190930
688031,-,星环科技,星环科技,"TRANSWARP TECHNOLOGY(SHANGHAI)CO.,LTD.",20221018
688032,-,禾迈股份,禾迈股份,HOYMILES POWER ELECTRONICS INC.,20211220
688033,-,天宜上佳,天宜上佳,"Beijing Tianyishangjia New Material Corp., Ltd.",20190722
688035,-,德邦科技,德邦科技股份,"DARBOND TECHNOLOGY CO., LTD",20220919
688036,-,传音控股,传音控股,"Shenzhen Transsion Holdings Co., Ltd.",20190930
688037,-,芯源微,芯源微电子,"Kingsemi Co.,Ltd.",20191216
688038,-,中科通达,武汉中科通达,"Wuhan Citms Technology Co.,Ltd",20210713
688039,-,当虹科技,当虹科技,"Hangzhou Arcvideo Technology Co., Ltd.",20191211
688041,-,海光信息,海光信息,"HYGON INFORMATION TECHNOLOGY CO., LTD.",20220812
688045,-,必易微,必易微电子,"SHENZHEN KIWI INSTRUMENTS CO., LTD.",20220526
688046,-,药康生物,药康生物,"GEMPHARMATECH CO., LTD.",20220425
688047,-,龙芯中科,龙芯中科,LOONGSON TECHNOLOGY CORPORATION LIMITED,20220624
688048,-,长光华芯,长光华芯,"SUZHOU EVERBRIGHT PHOTONICS CO., LTD.",20220401
688049,-,炬芯科技,炬芯科技,"ACTIONS TECHNOLOGY CO., LTD.",20211129
688050,-,爱博医疗,爱博诺德医疗,"Eyebright Medical Technology (Beijing) Co., Ltd.",20200729
688051,-,佳华科技,罗克佳华科技,"Rockontrol Technology Group Co.,Ltd.",20200320
688052,-,纳芯微,纳芯微电子,"SUZHOU NOVOSENSE MICROELECTRONICS CO., LTD.",20220422
688053,-,思科瑞,思科瑞微电子,"CHENGDU SCREEN MICRO-ELECTRONICS CO.,LTD.",20220708
688055,-,龙腾光电,昆山龙腾光电,"InfoVision Optoelectronics( Kunshan) Co., Ltd.",20200817
688056,-,莱伯泰科,莱伯泰科仪器,"Beijing LabTech Instruments Co., Ltd.",20200902
688057,-,金达莱,金达莱环保,Jiangxi Jdl Environmental Protection Co. Ltd.,20201111
688058,-,宝兰德,宝兰德软件,Beijing Baolande Software Corporation.,20191101
688059,-,华锐精密,株洲华锐精密,"ZHUZHOU HUARUI PRECISION CUTTING TOOLS.CO.,LTD.",20210208
688060,-,云涌科技,江苏云涌电子科技,"Jiangsu Yunyong Electronics and Technology Co.,Ltd",20200710
688061,-,灿瑞科技,灿瑞科技,"SHANGHAI ORIENT-CHIP TECHNOLOGY CO.,LTD.",20221018
688062,-,迈威生物,迈威生物,"MABWELL (SHANGHAI) BIOSCIENCE CO., LTD.",20220118
688063,-,派能科技,派能科技,"Pylon Technologies Co., Ltd.",20201230
688065,-,凯赛生物,凯赛生物,Cathay Biotech Inc.,20200812
688066,-,航天宏图,北京航天宏图,"Piesat Information Technology Co., Ltd.",20190722
688067,-,爱威科技,爱威科技,"AVE SCIENCE&TECHNOLOGY CO.,LTD",20210616
688068,-,热景生物,热景生物,"BEIJING HOTGEN BIOTECH CO., LTD.",20190930
688069,-,德林海,德林海环保,"WUXI DELINHAI ENVIRONMENTAL TECHNOLOGY CO., LTD",20200722
688070,-,纵横股份,成都纵横,"CHENGDU JOUAV AUTOMATION TECH CO.,LTD",20210210
688071,-,华依科技,华依科技集团,"Shanghai W-Ibeda High Tech.Group Co., Ltd.",20210729
688072,-,拓荆科技,拓荆科技,PIOTECH INC.,20220420
688073,-,毕得医药,毕得医药科技股份,"BIDE PHARMATECH CO., LTD.",20221011
688075,-,安旭生物,安旭生物,"ASSURE TECH (HANGZHOU) CO., LTD.",20211118
688076,-,诺泰生物,诺泰生物,"Jiangsu Sinopep-Allsino Biopharmaceutical Co., Ltd.",20210520
688077,-,大地熊,大地熊新材料,"Earth-Panda Advanced Magnetic Material Co.,Ltd.",20200722
688078,-,龙软科技,龙软科技,Beijing Longruan Technologies Inc.,20191230
688079,-,美迪凯,美迪凯股份,"Hangzhou Mdk Opto Electronics Co.,Ltd",20210302
688080,-,映翰通,映翰通网络,"Beijing Inhand Networks Technology Co., Ltd.",20200212
688081,-,兴图新科,兴图新科,"Wuhan Xingtu Xinke Electronics Co.,Ltd.",20200106
688082,-,盛美上海,盛美上海半导体,"ACM RESEARCH(SHANGHAI),INC.",20211118
688083,-,中望软件,中望软件,"Zwsoft Co.,Ltd.(Guangzhou)",20210311
688084,-,晶品特装,晶品特装,"BEIJING JINGPINTEZHUANG SCIENCE AND TECHNOLOGY CO.,LTD",20221208
688085,-,三友医疗,三友医疗,"Shanghai Sanyou Medical Co., Ltd.",20200409
688087,-,英科再生,英科再生,"Shandong Intco Recycling Resources Co., Ltd.",20210709
688088,-,虹软科技,虹软科技,ArcSoft Corporation Limited,20190722
688089,-,嘉必优,嘉必优生物,"Cabio Biotech(Wuhan) Co., Ltd.",20191219
688090,-,瑞松科技,瑞松科技,"Guangzhou Risong Intelligent Technology Holding Co., Ltd.",20200217
688091,-,上海谊众,上海谊众药业,"Shanghai Yizhong Pharmaceutical Co., Ltd.",20210909
688092,-,爱科科技,爱科科技股份,"Hangzhou Iecho Science & Technology Co., Ltd.",20210319
688093,-,世华科技,世华科技,"Suzhou Shihua New Material Technology Co., Ltd.",20200930
688095,-,福昕软件,福昕软件开发,"Fujian Foxit Software Development Joint Stock Co.,Ltd.",20200908
688096,-,京源环保,江苏京源环保,"Jiangsu Jingyuan Environmental Protection Co.,Ltd.",20200409
688097,-,博众精工,博众精工科技,"BOZHON PRECISION INDUSTRY TECHNOLOGY CO.,LTD.",20210512
688098,-,申联生物,申联生物医药,Shanghai Shen Lian Biomedical Corporation,20191028
688099,-,晶晨股份,晶晨半导体,"Amlogic (Shanghai) Co.,Ltd.",20190808
688100,-,威胜信息,威胜信息,"Willfar Information Technology Co., Ltd.",20200121
688101,-,三达膜,三达膜环境技术,"Suntar Environmental Technology Co., Ltd.",20191115
688102,-,斯瑞新材,陕西斯瑞新材股份,"SHAANXI SIRUI ADVANCED MATERIALS CO.,LTD.",20220316
688103,-,国力股份,国力股份,"Kunshan Guoli Electronic Technology Co., Ltd.",20210910
688105,-,诺唯赞,诺唯赞生物,"NANJING VAZYME BIOTECH CO., LTD.",20211115
688106,-,金宏气体,金宏气体,"JINHONG GAS CO., LTD.",20200616
688107,-,安路科技,安路科技,"SHANGHAI ANLOGIC INFOTECH CO., LTD.",20211112
688108,-,赛诺医疗,赛诺医疗科学,Sino Medical Sciences Technology Inc.,20191030
688109,-,品茗科技,品茗科技,"PINMING TECHNOLOGY CO., LTD.",20210330
688110,-,东芯股份,东芯股份,"DOSILICON CO., LTD.",20211210
688111,-,金山办公,金山办公,"Beijing Kingsoft Office Software, Inc.",20191118
688112,-,鼎阳科技,鼎阳科技,"SIGLENT TECHNOLOGIES CO., LTD.",20211201
688113,-,联测科技,联测科技,"Jiangsu Liance Electromechanical Technology Co., Ltd.",20210506
688114,-,华大智造,华大智造,"MGI TECH CO., LTD.",20220909
688115,-,思林杰,思林杰科技,"SMARTGIANT TECHNOLOGY CO., LTD.",20220314
688116,-,天奈科技,天奈科技,"Jiangsu Cnano Technology Co.,Ltd.",20190925
688117,-,圣诺生物,圣诺生物,"CHENGDU SHENG NUO BIOTEC CO.,LTD.",20210603
688118,-,普元信息,普元信息,"Primeton Information Technologies, Inc.",20191204
688119,-,中钢洛耐,中钢洛耐,"SINOSTEEL LUONAI MATERIALS TECHNOLOGY CO., LTD.",20220606
688120,-,华海清科,华海清科,"HWATSING TECHNOLOGY CO.,LTD.",20220608
688121,-,卓然股份,卓然技术,"Shanghai Supezet Engineering Technology Corp., Ltd.",20210906
688122,-,西部超导,西部超导,"Western Superconducting Technologies Co., Ltd.",20190722
688123,-,聚辰股份,聚辰半导体,Giantec Semiconductor Corporation,20191223
688125,-,安达智能,安达智能,"GUANGDONG ANDA AUTOMATION SOLUTIONS CO.,LTD.",20220415
688126,-,沪硅产业,上海硅产业集团,"National Silicon Industry Group Co.,Ltd.",20200420
688127,-,蓝特光学,蓝特光学,"Zhejiang Lante Optics Co.,Ltd.",20200921
688128,-,中国电研,中国电器研究院,"China National Electric Apparatus Research Institute Co., Ltd.",20191105
688129,-,东来技术,东来涂料技术股份,"Donglai Coating Technology( Shanghai) Co.,Ltd",20201023
688130,-,晶华微,晶华微电子,HANGZHOU SDIC MICROELECTRONICS INC.,20220729
688131,-,皓元医药,皓元医药,"Shanghai Haoyuan Chemexpress Co.,Ltd.",20210608
688132,-,邦彦技术,邦彦技术股份,"BANGYAN TECHNOLOGY CO.,LTD.",20220923
688133,-,泰坦科技,泰坦股份,"Shanghai Titan Scientific Co.,Ltd.",20201030
688135,-,利扬芯片,利扬芯片,"Guangdong Leadyo IC Testing Co.,Ltd.",20201111
688136,-,科兴制药,科兴生物制药,"SHAN DONG KEXING BIOPRODUCTS CO., LTD",20201214
688137,-,近岸蛋白,近岸蛋白,NOVOPROTEIN SCIENTIFIC INC.,20220929
688138,-,清溢光电,清溢光电,Shenzhen Qingyi Photomask Limited,20191120
688139,-,海尔生物,海尔生物,"Qingdao Haier Biomedical Co.,Ltd",20191025
688141,-,杰华特,杰华特微电子,"JOULWATT TECHNOLOGY CO., LTD.",20221223
688143,-,长盈通,长盈通光电,"YANGTZE OPTICAL ELECTRONIC CO., LTD.",20221212
688146,-,中船特气,中船派瑞特气,"PERIC SPECIAL GASES CO., LTD.",20230421
688147,-,微导纳米,微导纳米科技,"JIANGSU LEADMICRO NANO TECHNOLOGY CO., LTD.",20221223
688148,-,芳源股份,芳源股份,"Guangdong Fangyuan Environment Co., Ltd.",20210806
688150,-,莱特光电,莱特光电股份,"SHAANXI LIGHTE OPTOELECTRONICS MATERIAL CO.,LTD",20220318
688151,-,华强科技,华强科技,"HUBEI HUAQIANG HIGH-TECH CO.,LTD.",20211206
688152,-,麒麟信安,麒麟信安,"HUNAN KYLINSEC TECHNOLOGY CO., LTD.",20221028
688153,-,唯捷创芯,唯捷创芯,"VANCHIP(TIANJIN) TECHNOLOGY CO.,LTD.",20220412
688155,-,先惠技术,先惠技术,"Shanghai Sk Automation Technology Co., Ltd",20200811
688156,-,路德环境,路德环境,"ROAD ENVIRONMENT TECHNOLOGY CO., LTD",20200922
688157,-,松井股份,松井新材料,"HUNAN SOKAN NEW MATERIALS CO., LTD.",20200609
688158,-,优刻得,优刻得科技,"UCloud Technology Co., Ltd.",20200120
688159,-,有方科技,有方科技,"Shenzhen Neoway Technology Co.,Ltd.",20200123
688160,-,步科股份,步科自动化,"Kinco Automation(Shanghai)Co., Ltd",20201112
688161,-,威高骨科,威高骨科,"Shandong Weigao Orthopaedic Device Co.,Ltd.",20210630
688162,-,巨一科技,巨一科技,"JEE TECHNOLOGY CO., LTD.",20211110
688163,-,赛伦生物,赛伦生物,"SHANGHAI SERUM BIO-TECHNOLOGY CO., LTD.",20220311
688165,-,埃夫特,埃夫特智能,"EFORT Intelligent Equipment Co., Ltd.",20200715
688166,-,博瑞医药,博瑞生物医药,"Brightgene Bio-Medical Technology Co., Ltd.",20191108
688167,-,炬光科技,西安炬光科技,FOCUSLIGHT TECHNOLOGIES INC.,20211224
688168,-,安博通,北京安博通,"Beijing ABT Networks Co.,Ltd.",20190906
688169,-,石头科技,石头科技,"Beijing Roborock Technology Co., Ltd.",20200221
688170,-,德龙激光,德龙激光,"SUZHOU DELPHI LASER CO., LTD.",20220429
688171,-,纬德信息,纬德信息,"GUANGDONG WEIDE INFORMATION TECHNOLOGY CO,.LTD.",20220127
688172,-,燕东微,燕东微电子股份,"BEIJING YANDONG MICROELECTRONIC CO., LTD.",20221216
688173,-,希荻微,希荻微电子,"HALO MICROELECTRONICS CO.,LTD.",20220121
688175,-,高凌信息,珠海高凌信息,"ZHUHAI COMLEADER INFORMATION SCIENCE&TECHNOLOGY CO., LTD.",20220315
688176,-,亚虹医药,亚虹医药科技,"JIANGSU YAHONG MEDITECH CO., LTD.",20220107
688177,-,百奥泰,百奥泰生物,"Bio-Thera Solutions, Ltd.",20200221
688178,-,万德斯,万德斯环保,"Nanjing Wondux Environmental Protection Technology Corp.,Ltd.",20200114
688179,-,阿拉丁,阿拉丁科技,"Shanghai Aladdin Biochemical Technology Co., Ltd.",20201026
688180,-,君实生物,君实生物,"Shanghai Junshi Biosciences Co.,Ltd.",20200715
688181,-,八亿时空,八亿时空液晶股份,"Beijing Bayi Space LCD Technology Co., Ltd.",20200106
688182,-,灿勤科技,灿勤科技,"JIANGSU CAI QIN TECHNOLOGY CO., LTD",20211116
688183,-,生益电子,生益电子,"Shengyi Electronics Co., Ltd.",20210225
688184,-,帕瓦股份,帕瓦股份,"ZHEJIANG POWER NEW ENERGY CO.,LTD.",20220919
688185,-,康希诺,康希诺生物,Cansino Biologics Inc.,20200813
688186,-,广大特材,张家港广大特材,"Zhangjiagang Guangda Special Material Co., Ltd.",20200211
688187,-,时代电气,时代电气,"Zhuzhou CRRC Times Electric Co., Ltd.",20210907
688188,-,柏楚电子,上海柏楚电子科技,Shanghai Friendess Electronic Technology Corporation Limited,20190808
688189,-,南新制药,南新制药,"Hunan Nucien Pharmaceutical Co., Ltd.",20200326
688190,-,云路股份,云路先进材料股份,"QINGDAO YUNLU ADVANCED MATERIALS TECHNOLOGY CO., LTD.",20211126
688191,-,智洋创新,智洋创新科技,"Zhiyang Innovation Technology Co.,Ltd.",20210408
688192,-,迪哲医药,迪哲医药,"DIZAL (JIANGSU) PHARMACEUTICAL CO., LTD.",20211210
688193,-,仁度生物,仁度生物,"SHANGHAI RENDU BIOTECHNOLOGY CO., LTD.",20220330
688195,-,腾景科技,腾景科技,"Optowide Technologies Co., Ltd.",20210326
688196,-,卓越新能,卓越新能,"Longyan Zhuoyue New Energy Co., Ltd.",20191121
688197,-,首药控股,首药控股,"SHOUYAO HOLDINGS CO.,LTD",20220323
688198,-,佰仁医疗,佰仁医疗科技,"Beijing Balance Medical Technology Co.,Ltd.",20191209
688199,-,久日新材,久日新材料,"Tianjin Jiuri New Materials Co., Ltd.",20191105
688200,-,华峰测控,华峰测控,"Beijing Huafeng Test & Control Technology Co.,Ltd.",20200218
688201,-,信安世纪,信安世纪,"BEIJING INFOSEC TECHNOLOGIES CO.,LTD",20210421
688202,-,美迪西,美迪西生物医药,Shanghai Medicilon Inc.,20191105
688203,-,海正生材,海正生物材料,ZHEJIANG HISUN BIOMATERIALS CO.LTD.,20220816
688205,-,德科立,德科立光电子,"WUXI TACLINK OPTOELECTRONICS TECHNOLOGY CO., LTD.",20220809
688206,-,概伦电子,概伦电子,"PRIMARIUS TECHNOLOGIES CO., LTD.",20211228
688207,-,格灵深瞳,格灵深瞳,"BEIJING DEEP GLINT TECHNOLOGY CO., LIMITED",20220317
688208,-,道通科技,道通科技,"Autel Intelligent Technology Corp.,Ltd.",20200213
688209,-,英集芯,英集芯科技,"SHENZHEN INJOINIC TECHNOLOGY CO., LTD.",20220419
688210,-,统联精密,泛海统联精密制造,"SHENZHEN PACIFIC UNION PRECISION MANUFACTURING CO., LTD.",20211227
688211,-,中科微至,中科微至,"WAYZIM TECHNOLOGY CO., LTD.",20211026
688212,-,澳华内镜,澳华内镜,"SHANGHAI AOHUA PHOTOELECTRICITY ENDOSCOPE CO., LTD.",20211115
688213,-,思特威,思特威电子科技,"SMARTSENS TECHNOLOGY (SHANGHAI) CO., LTD.",20220520
688215,-,瑞晟智能,瑞晟智能科技,"Zhejiang Risun Intelligent Technology Co.,Ltd.",20200828
688216,-,气派科技,气派科技,"China Chippacking Technology Co.,Ltd.",20210623
688217,-,睿昂基因,上海睿昂基因,"Shanghai Rightongene Biotechnology Co., Ltd.",20210517
688218,-,江苏北人,江苏北人,"Jiangsu Beiren Smart Manufacturing Technology Co., Ltd.",20191211
688219,-,会通股份,会通股份,"Oriniko Advanced Plastics Co., Ltd.",20201118
688220,-,翱捷科技,翱捷科技,"ASR MICROELECTRONICS CO., LTD.",20220114
688221,-,前沿生物,前沿生物,Frontier Biotechnologies Inc.,20201028
688222,-,成都先导,成都先导,HitGen Inc.,20200416
688223,-,晶科能源,晶科能源,"JINKO SOLAR CO., LTD.",20220126
688225,-,亚信安全,亚信安全,"ASIAINFO SECURITY TECHNOLOGIES CO.,LTD.",20220209
688226,-,威腾电气,威腾电气集团股份,"WETOWN ELECTRIC GROUP CO., LTD.",20210707
688227,-,品高股份,品高股份,"BINGO SOFTWARE CO., LTD.",20211230
688228,-,开普云,开普云信息科技,"Ucap Cloud Information Technology Co.,Ltd.",20200327
688229,-,博睿数据,博睿宏远数据,"Bonree Data Technology Co., Ltd.",20200817
688230,-,芯导科技,芯导科技,"SHANGHAI PRISEMI ELECTRONICS CO., LTD.",20211201
688231,-,隆达股份,隆达超合金股份,"JIANGSU LONGDA SUPERALLOY CO., LTD.",20220722
688232,-,新点软件,国泰新点软件,"GUOTAI EPOINT SOFTWARE CO.,LTD.",20211117
688233,-,神工股份,神工半导体,Thinkon Semiconductor Jinzhou Corp.,20200221
688234,-,天岳先进,天岳先进,"SICC CO., LTD.",20220112
688235,-,百济神州,百济神州,"BEIGENE, LTD.",20211215
688236,-,春立医疗,春立正达医疗,"BEIJING CHUNLIZHENGDA MEDICAL INSTRUMENTS CO.,LTD.",20211230
688237,-,超卓航科,超卓航科,"HUBEI CHAOZHUO AVIATION TECHNOLOGY CO., LTD.",20220701
688238,-,和元生物,和元生物,"OBIO TECHNOLOGY (SHANGHAI) CORP.,LTD.",20220322
688239,-,航宇科技,贵州航宇科技,"Guizhou Aviation Technical Development Co., Ltd.",20210705
688244,-,永信至诚,永信至诚,INTEGRITY TECHNOLOGY GROUP INC.,20221019
688246,-,嘉和美康,嘉和美康科技,"GOODWILL E-HEALTH INFO CO., LTD.",20211214
688247,-,宣泰医药,宣泰医药,SINOTHERAPEUTICS INC.,20220825
688248,-,南网科技,南方电网电力科技,"CHINA SOUTHERN POWER GRID TECHNOLOGY CO.,LTD.",20211222
688249,-,晶合集成,晶合集成,NEXCHIP SEMICONDUCTOR CORPORATION,20230505
688251,-,井松智能,井松智能科技,"HEFEI JINGSONG INTELLIGENT TECHNOLOGY CO.,LTD.",20220606
688252,-,天德钰,天德钰科技,JADARD,20220927
688253,-,英诺特,英诺特生物股份,"INNOVITA BIOLOGICAL TECHNOLOGY CO., LTD.",20220728
688255,-,凯尔达,凯尔达机器人,"HANGZHOU KAIERDA WELDING ROBOT CO.,LTD.",20211025
688256,-,寒武纪,寒武纪科技,Cambricon Technologies Corporation Limited,20200720
688257,-,新锐股份,新锐股份,SHAREATE TOOLS LTD.,20211027
688258,-,卓易信息,江苏卓易信息科技,"Jiangsu Eazytec Co., Ltd.",20191209
688259,-,创耀科技,创耀通信科技,TRIDUCTOR TECHNOLOGY(SUZHOU) INC.,20220112
688260,-,昀冢科技,昀冢科技,"Suzhou Gyz Electronic Technology Co., Ltd.",20210406
688261,-,东微半导,东微半导体,SUZHOU ORIENTAL SEMICONDUCTOR COMPANY LIMITED,20220210
688262,-,国芯科技,苏州国芯科技,"C*CORE TECHNOLOGY CO., LTD.",20220106
688265,-,南模生物,南方模式生物,"SHANGHAI MODEL ORGANISMS CENTER, INC.",20211228
688266,-,泽璟制药,泽璟制药,"Suzhou Zelgen Biopharmaceuticals Co., Ltd.",20200123
688267,-,中触媒,中触媒股份,"CHINA CATALYST HOLDING CO.,LTD.",20220216
688268,-,华特气体,广东华特气体,"Guangdong Huate Gas Co., Ltd",20191226
688269,-,凯立新材,西安凯立新材,"Kaili Catalyst & New Materials Co.,Ltd",20210609
688270,-,臻镭科技,浙江臻镭科技股份,"GREAT MICROWAVE TECHNOLOGY CO.,LTD.",20220127
688271,-,联影医疗,联影医疗,"SHANGHAI UNITED IMAGING HEALTHCARE CO., LTD.",20220822
688272,-,*ST富吉,*ST富吉瑞光电,"Beijing Fjr Optoelectronic Technology Co., Ltd.",20211018
688273,-,麦澜德,麦澜德医疗,"NANJING MEDLANDER MEDICAL TECHNOLOGY CO.,LTD.",20220811
688275,-,万润新能,万润新能源,"HUBEI WANRUN NEW ENERGY TECHNOLOGY CO.,LTD.",20220929
688276,-,百克生物,长春百克生物科技,Changchun Bcht Biotechnology Co.,20210625
688277,-,天智航,天智航医疗,"Tinavi Medical Technologies Co.,Ltd.",20200707
688278,-,特宝生物,特宝生物,"Xiamen Amoytop Biotech Co., Ltd.",20200117
688279,-,峰岹科技,峰岹科技,"FORTIOR TECHNOLOGY(SHENZHEN)CO., LTD.",20220420
688280,-,精进电动,精进电动,"JING-JIN ELECTRIC TECHNOLOGIES CO., LTD.",20211027
688281,-,华秦科技,华秦科技实业,"SHAANXI HUAQIN TECHNOLOGY INDUSTRY CO., LTD.",20220307
688282,-,理工导航,理工导航,"BEIJING NAVIGATION CONTROL TECHNOLOGY CO.,LTD.",20220318
688283,-,坤恒顺维,坤恒顺维,"CHENGDU KSW TECHNOLOGIES CO.,LTD.",20220215
688285,-,高铁电气,高铁电气,"CHINA RAILWAY HIGH-SPEED ELECTRIFICATION EQUIPMENT CO.,LTD.",20211020
688286,-,敏芯股份,敏芯股份,"Memsensing Microsystems (Suzhou, China) Co., Ltd.",20200810
688287,-,观典防务,观典防务,"GUANDIAN DEFENSE TECHNOLOGY CO.,LTD.",20220525
688288,-,鸿泉物联,鸿泉物联,"HANGZHOU HOPECHART IOT TECHNOLOGY CO., LTD",20191106
688289,-,圣湘生物,圣湘生物,Sansure Biotech Inc.,20200828
688290,-,景业智能,景业智能,"HANGZHOU BOOMY INTELLIGENT TECHNOLOGY CO., LTD.",20220429
688291,-,金橙子,金橙子科技,"BEIJING JCZ TECHNOLOGY CO.,LTD.",20221026
688292,-,浩瀚深度,浩瀚深度信息技术,"BEIJING HAOHAN DATA TECHNOLOGY CO., LTD.",20220818
688293,-,奥浦迈,奥浦迈生物,"SHANGHAI OPM BIOSCIENCES CO., LTD.",20220902
688295,-,中复神鹰,中复神鹰碳纤维,"ZHONGFU SHENYING CARBON FIBER CO.,LTD.",20220406
688296,-,和达科技,和达科技,"Zhejiang Heda Technology Co.,Ltd",20210727
688297,-,中无人机,中航无人机,"AVIC (CHENGDU) UAS CO., LTD.",20220629
688298,-,东方生物,东方基因生物,"Zhejiang Orient Gene Biotech Co., Ltd",20200205
688299,-,长阳科技,长阳科技,"Ningbo Solartron Technology Co., Ltd.",20191106
688300,-,联瑞新材,联瑞新材,Novoray Corporation,20191115
688301,-,奕瑞科技,奕瑞科技股份,iRay Technology Company Limited,20200918
688302,-,海创药业,海创药业,HINOVA PHARMACEUTICALS INC.,20220412
688303,-,大全能源,大全能源,"Xinjiang Daqo New Energy Co.,Ltd.",20210722
688305,-,科德数控,科德数控,"Kede Numerical Control Co., Ltd.",20210709
688306,-,均普智能,均普智能制造,NINGBO PIA AUTOMATION HOLDING CORP.,20220322
688307,-,中润光学,中润光学,"JIAXING ZMAX OPTECH CO., LTD.",20230216
688308,-,欧科亿,欧科亿数控刀具,"OKE Precision Cutting Tools Co., Ltd.",20201210
688309,-,恒誉环保,恒誉环保,Niutech Environment Technology Corporation,20200714
688310,-,迈得医疗,迈得医疗,"Maider Medical Industry Equipment Co., Ltd.",20191203
688311,-,盟升电子,盟升电子,"Chengdu M&S Electronics Technology Co.,Ltd.",20200731
688312,-,燕麦科技,燕麦科技,Shenzhen Yanmade Technology Inc.,20200608
688313,-,仕佳光子,仕佳光子,"Henan Shijia Photons Technology Co., Ltd.",20200812
688314,-,康拓医疗,康拓医疗,"Kontour(Xi'an) Medical Technology Co., Ltd.",20210518
688315,-,诺禾致源,诺禾致源科技,"NOVOGENE CO., LTD",20210413
688316,-,青云科技,青云科技,Qingcloud Technologies Corp.,20210316
688317,-,之江生物,上海之江生物,"Shanghai ZJ Bio-Tech Co., Ltd",20210118
688318,-,财富趋势,财富趋势,"SHENZHEN FORTUNE TREND TECHNOLOGY CO.,LTD.",20200427
688319,-,欧林生物,欧林生物,Chengdu Olymvax Biopharmaceuticals Inc.,20210608
688320,-,禾川科技,禾川科技,ZHEJIANG HE CHUAN TECHNOLOGY CORPORATION LIMITED,20220428
688321,-,微芯生物,微芯生物,"Shenzhen Chipscreen Biosciences Co., Ltd.",20190812
688322,-,奥比中光,奥比中光,ORBBEC INC.,20220707
688323,-,瑞华泰,瑞华泰薄膜科技,"Rayitek Hi-Tech Film Company Ltd., Shenzhen",20210428
688325,-,赛微微电,赛微微电子,"GUANGDONG CELLWISE MICROELECTRONICS CO., LTD.",20220422
688326,-,经纬恒润,经纬恒润,"BEIJING JINGWEI HIRAIN TECHNOLOGIES CO., INC.",20220419
688327,-,云从科技,云从科技,"CLOUDWALK TECHNOLOGY CO., LTD.",20220527
688328,-,深科达,深科达智能装备,"SHENZHEN S-KING INTELLIGENT EQUIPMENT CO., LTD.",20210309
688329,-,艾隆科技,苏州艾隆科技,"SUZHOU IRON TECHNOLOGY CO.,LTD.",20210329
688330,-,宏力达,宏力达信息,"SHANGHAI HOLYSTAR ELECTRICAL TECHNOLOGY CO., LTD.",20201015
688331,-,荣昌生物,荣昌生物,"REMEGEN CO.,LTD.",20220331
688332,-,中科蓝讯,中科蓝讯,"SHENZHEN BLUETRUM TECHNOLOGY CO., LTD.",20220715
688333,-,铂力特,西安铂力特,"XI'AN BRIGHT LASER TECHNOLOGIES CO., LTD",20190722
688334,-,西高院,西高院,"XI’AN HIGH VOLTAGE APPARATUS RESEARCH INSTITUTE CO., LTD.",20230619
688335,-,复洁环保,复洁环保科技,"SHANGHAI CEO ENVIRONMENTAL PROTECTION TECHNOLOGY CO., LTD",20200817
688336,-,三生国健,三生国健,"Sunshine Guojian Pharmaceutical(Shanghai)Co., Ltd.",20200722
688337,-,普源精电,普源精电,"RIGOL TECHNOLOGIES CO., LTD.",20220408
688338,-,赛科希德,赛科希德,Beijing Succeeder Technology Inc.,20200806
688339,-,亿华通,亿华通科技,"Beijing SinoHytec Co., Ltd.",20200810
688343,-,云天励飞,云天励飞股份,"SHENZHEN INTELLIFUSION TECHNOLOGIES CO., LTD.",20230404
688345,-,博力威,博力威,"Guangdong Greenway Technology Co., Ltd.",20210611
688347,-,华虹公司,华虹半导体公司,HUA HONG SEMICONDUCTOR LIMITED,20230807
688348,-,昱能科技,昱能科技,"YUNENG TECHNOLOGY CO., LTD.",20220608
688349,-,三一重能,三一重能,"SANY RENEWABLE ENERGY CO.,LTD.",20220622
688350,-,富淼科技,富淼科技,"Jiangsu Feymer Technology Co., Ltd.",20210128
688351,-,微电生理,微创电生理股份,"SHANGHAI MICROPORT EP MEDTECH CO., LTD.",20220831
688352,-,颀中科技,颀中科技,"HEFEI CHIPMORE TECHNOLOGY CO., LTD.",20230420
688353,-,华盛锂电,华盛锂电,"JIANGSU HSC NEW ENERGY MATERIALS CO.,LTD.",20220713
688355,-,明志科技,明志科技,"Suzhou Mingzhi Technology Co., Ltd.",20210512
688356,-,键凯科技,键凯科技,"Jenkem Technology Co., Ltd.",20200826
688357,-,建龙微纳,建龙微纳,"Luoyang Jalon Micro-nano New Materials Co.,Ltd.",20191204
688358,-,祥生医疗,祥生医疗科技,"Chison Medical Technologies Co.,Ltd.",20191203
688359,-,三孚新科,三孚新材料科技,"GUANGZHOU SANFU NEW MATERIALS TECHNOLOGY CO., LTD.",20210521
688360,-,德马科技,德马科技,"DAMON TECHNOLOGY GROUP CO.,LTD.",20200602
688361,-,中科飞测,中科飞测,"SKYVERSE TECHNOLOGY CO., LTD.",20230519
688362,-,甬矽电子,甬矽电子,"FOREHOPE ELECTRONIC (NINGBO) CO., LTD.",20221116
688363,-,华熙生物,华熙生物,Bloomage Biotechnology Corporation Limited,20191106
688365,-,光云科技,光云科技,"Hangzhou Raycloud Technology Co.,Ltd",20200429
688366,-,昊海生科,昊海生物科技,"Shanghai Haohai Biological Technology Co.,Ltd",20191030
688367,-,工大高科,工大高科,"Hefei Gocom Information  Technology Co.,Ltd.",20210628
688368,-,晶丰明源,晶丰明源半导体,"Shanghai Bright Power Semiconductor Co., Ltd.",20191014
688369,-,致远互联,致远互联,Beijing Seeyon Internet Software Corp.,20191031
688370,-,丛麟科技,丛麟环保科技,"SHANGHAI CONGLIN ENVIRONMENTAL PROTECTION TECHNOLOGY CO., LTD.",20220825
688371,-,菲沃泰,菲沃泰纳米科技,"JIANGSU FAVORED NANOTECHNOLOGY CO., LTD.",20220802
688372,-,伟测科技,伟测科技,"Shanghai V-Test Semiconductor Tech. Co., Ltd.",20221026
688373,-,盟科药业,盟科药业,"SHANGHAI MICURX PHARMACEUTICAL CO., LTD.",20220805
688375,-,国博电子,国博电子,"GUOBO ELECTRONICS CO., LTD.",20220722
688376,-,美埃科技,美埃科技,"MAYAIR TECHNOLOGY (CHINA) CO., LTD.",20221118
688377,-,迪威尔,迪威尔高端制造,"Nanjing Develop Advanced Manufacturing Co., Ltd.",20200708
688378,-,奥来德,奥来德光电,"Jilin OLED Material Tech Co.,Ltd.",20200903
688379,-,华光新材,华光新材,"Hangzhou Huaguang Advanced Welding Materials Co.,Ltd.",20200819
688380,-,中微半导,中微半导,"SHENZHEN CHINA MICRO SEMICON CO., LTD.",20220805
688381,-,帝奥微,帝奥微电子,"DIOO MICROCIRCUITS CO., LTD. JIANGSU",20220823
688382,-,益方生物,益方生物科技,"INVENTISBIO CO., LIMITED.",20220725
688383,-,新益昌,新益昌科技,"Shenzhen Xinyichang Technology Co., Ltd.",20210428
688385,-,复旦微电,复旦微电,"Shanghai Fudan Microelectronics Group Co.,Ltd.",20210804
688386,-,泛亚微透,泛亚微透,Pan Asian Microvent Tech (Jiangsu) Corporation,20201016
688387,-,信科移动,中信科移动,"CICT MOBILE COMMUNICATION TECHNOLOGY CO., LTD.",20220926
688388,-,嘉元科技,嘉元科技,"GUANGDONG JIAYUAN TECHNOLOGY CO.,LTD.",20190722
688389,-,普门科技,深圳普门科技,"SHENZHEN LIFOTRONIC TECHNOLOGY CO.,LTD",20191105
688390,-,固德威,固德威电源,"GOODWE TECHNOLOGIES CO., LTD.",20200904
688391,-,钜泉科技,钜泉科技,"HI-TREND TECHNOLOGY (SHANGHAI) CO.,LTD",20220913
688392,-,骄成超声,骄成超声波,"SBT ULTRASONIC TECHNOLOGY CO.,LTD.",20220927
688393,-,安必平,安必平医药,"Guangzhou LBP Medicine Science & Technology Co., Ltd.",20200820
688395,-,正弦电气,深圳正弦电气股份,"Shenzhen Sine Electric Co.,Ltd.",20210429
688396,-,华润微,华润微电子,China Resources Microelectronics Limited,20200227
688398,-,赛特新材,赛特新材,"FUJIAN SUPERTCH ADVANCED MATERIAL CO.,LTD.",20200211
688399,-,硕世生物,硕世生物,"Jiangsu Bioperfectus Technologies Co., Ltd.",20191205
688400,-,凌云光,凌云光技术,"LUSTER LIGHTTECH CO., LTD.",20220706
688401,-,路维光电,路维光电,"SHENZHEN NEWWAY PHOTOMASK MAKING CO., LTD.",20220817
688403,-,汇成股份,汇成股份,"UNION SEMICONDUCTOR (HEFEI) CO., LTD.",20220818
688408,-,中信博,中信博新能源,"Arctech Solar Holding Co., Ltd.",20200828
688409,-,富创精密,富创精密,"SHENYANG FORTUNE PRECISION EQUIPMENT CO., LTD.",20221010
688410,-,山外山,山外山血液净化,"SWS HEMODIALYSIS CARE CO .,LTD.",20221226
688416,-,恒烁股份,恒烁股份,"ZBIT SEMICONDUCTOR, INC.",20220829
688418,-,震有科技,震有科技,"Genew Technologies Co.,Ltd.",20200722
688419,-,耐科装备,耐科装备,"NEXTOOL TECHNOLOGY CO., LTD.",20221107
688420,-,美腾科技,天津美腾科技,"TIANJIN MEITENG TECHNOLOGY CO., LTD",20221209
688425,-,铁建重工,铁建重工,China Railway Construction Heavy Industry Corporation Limited,20210622
688426,-,康为世纪,康为世纪生物科技,"JIANGSU COWIN BIOTECH CO., LTD.",20221025
688428,-,诺诚健华,诺诚健华,INNOCARE PHARMA LIMITED,20220921
688429,-,时创能源,时创能源,"CHANGZHOU SHICHUANG ENERGY CO.,LTD.",20230629
688432,-,有研硅,有研硅,"GRINM SEMICONDUCTOR MATERIALS CO., LTD.",20221110
688433,-,华曙高科,华曙高科,"FARSOON TECHNOLOGIES CO., LTD.",20230417
688435,-,英方软件,英方软件,SHANGHAI INFORMATION2 SOFTWARE INC.,20230119
688439,-,振华风光,振华风光,"GUIZHOU ZHENHUA FENGGUANG SEMICONDUCTOR CO., LTD.",20220826
688443,-,智翔金泰,智翔金泰,"CHONGQING GENRIX BIOPHARMACEUTICAL CO., LTD.",20230620
688448,-,磁谷科技,南京磁谷科技,"NANJING CIGU TECHNOLOGY CORP.,LTD.",20220921
688450,-,光格科技,光格科技,"SUZHOU AGIOE TECHNOLOGIES CO., LTD.",20230724
688455,-,科捷智能,科捷智能,"KENGIC INTELLIGENT TECHNOLOGY CO., LTD.",20220915
688456,-,有研粉材,有研粉材,"GRIPM Advanced Materials Co., Ltd.",20210317
688458,-,美芯晟,美芯晟科技,"MAXIC TECHNOLOGY, INC.",20230522
688459,-,哈铁科技,哈铁科技,CHINA RAILWAY HARBIN GROUP OF TECHNOLOGY CORPORATION,20221012
688466,-,金科环境,金科环境,"GreenTech Environmental Co., Ltd.",20200508
688468,-,科美诊断,科美诊断,"CHEMCLIN DIAGNOSTICS CO., LTD.",20210409
688469,-,中芯集成,中芯集成,SEMICONDUCTOR MANUFACTURING ELECTRONICS (SHAOXING) CORPORATION,20230510
688472,-,阿特斯,阿特斯阳光电力,"CSI SOLAR CO., LTD.",20230609
688475,-,萤石网络,萤石网络,"HANGZHOU EZVIZ NETWORK CO.,LTD.",20221228
688478,-,晶升股份,晶升股份,CRYSTAL GROWTH & ENERGY EQUIPMENT INC.,20230424
688479,-,友车科技,用友汽车信息科技,"YONYOU AUTO INFORMATION TECHNOLOGY (SHANGHAI) CO., LTD.",20230511
688480,-,赛恩斯,赛恩斯环保,"SCIENCE ENVIRONMENTAL PROTECTION CO.,LTD.",20221125
688484,-,南芯科技,南芯科技,"SOUTHCHIP SEMICONDUCTOR TECHNOLOGY(SHANGHAI) CO., LTD.",20230407
688485,-,九州一轨,九州一轨环科,"BEIJING JIUZHOUYIGUI ENVIRONMENTAL TECHNOLOGY CO., LTD.",20230118
688486,-,龙迅股份,龙迅股份,LONTIUM SEMICONDUCTOR CORPORATION,20230221
688488,-,艾迪药业,艾迪药业,"Jiangsu Aidea Pharmaceutical Co.,Ltd.",20200720
688489,-,三未信安,三未信安,"SANSEC TECHNOLOGY CO., LTD.",20221202
688496,-,清越科技,清越科技,"SUZHOU QINGYUE OPTOELECTRONICS TECHNOLOGY CO., LTD.",20221228
688498,-,源杰科技,源杰科技,"YUANJIE SEMICONDUCTOR TECHNOLOGY CO., LTD.",20221221
688499,-,利元亨,广东利元亨,"Guangdong Lyric Robot Automation Co., Ltd.",20210701
688500,-,*ST慧辰,*ST慧辰资讯股份公司,"HCR Co.,Ltd.",20200716
688501,-,青达环保,青岛达能环保,"Qingdao Daneng Environmental Protection Equipment Co., Ltd.",20210716
688502,-,茂莱光学,茂莱光学,MLOPTIC CORP.,20230309
688503,-,聚和材料,聚和材料股份公司,"CHANGZHOU FUSION NEW MATERIAL CO., LTD.",20221209
688505,-,复旦张江,复旦张江股份,"Shanghai Fudan-Zhangjiang Bio-Pharmaceutical Co., Ltd.",20200619
688506,-,百利天恒,百利天恒药业,"SICHUAN BIOKIN PHARMACEUTICAL CO., LTD.",20230106
688507,-,索辰科技,索辰科技,"SHANGHAI SUOCHEN INFORMATION TECHNOLOGY CO.,LTD.",20230418
688508,-,芯朋微,芯朋微电子,Wuxi Chipown Micro-Electronics Limited,20200722
688509,-,正元地信,正元地信,"Zhengyuan Geomatics Group Co.,Ltd.",20210730
688510,-,航亚科技,航亚科技,"WUXI HYATECH CO.,LTD.",20201216
688511,-,天微电子,天微电子,"Sichuan Tianwei Electronic Co.,LTD.",20210730
688512,-,慧智微,慧智微电子,"SMARTER MICROELECTRONICS(GUANGZHOU)CO., LTD.",20230516
688513,-,苑东生物,苑东生物,"Chengdu Easton Bio Pharmaceuticals Co.,Ltd",20200902
688515,-,裕太微,裕太微电子,"MOTORCOMM ELECTRONIC TECHNOLOGY CO.,LTD",20230210
688516,-,奥特维,奥特维科技,"Wuxi Autowell Technology Co.,Ltd.",20200521
688517,-,金冠电气,金冠电气,"Jinguan Electric Co., Ltd.",20210618
688518,-,联赢激光,联赢激光股份,"Shenzhen United Winners Laser Co.,Ltd.",20200622
688519,-,南亚新材,南亚新材料,"Nanya New Material Technology Co.,Ltd.",20200818
688520,-,神州细胞,神州细胞集团公司,Sinocelltech Group Limited,20200622
688521,-,芯原股份,芯原微电子,"Verisilicon Microelectronics (Shanghai) Co., Ltd.",20200818
688522,-,纳睿雷达,纳睿雷达科技,"NARUIDA TECHNOLOGY CO., LTD.",20230301
688523,-,航天环宇,航天环宇科技,"HUNAN AEROSPACE HUANYU COMMUNICATION TECHNOLOGY CO.,LTD.",20230602
688525,-,佰维存储,佰维存储,"BIWIN STORAGE TECHNOLOGY CO., LTD.",20221230
688526,-,科前生物,武汉科前生物,"Wuhan Keqian Biology Co.,Ltd",20200922
688528,-,秦川物联,秦川物联网,"Chengdu Qinchuan Iot Technology Co., Ltd.",20200701
688529,-,豪森股份,大连豪森股份,"Dalian Haosen Equipment Manufacturing Co., Ltd.",20201109
688531,-,日联科技,日联科技股份,"WUXI UNICOMP TECHNOLOGY CO., LTD.",20230331
688533,-,上声电子,上声电子股份,"Suzhou Sonavox Electronics Co.,Ltd.",20210419
688535,-,华海诚科,华海诚科新材料,"JIANGSU HHCK ADVANCED MATERIALS CO., LTD.",20230404
688536,-,思瑞浦,思瑞浦股份,3peak Incorporated,20200921
688538,-,和辉光电,和辉光电,"EVERDISPLAY OPTRONICS (SHANGHAI) CO., LTD.",20210528
688539,-,高华科技,高华科技,"NANJING GOVA TECHNOLOGY CO., LTD.",20230418
688543,-,国科军工,国科军工,"JIANGXI GUOKE DEFENCE GROUP CO.,LTD.",20230621
688548,-,广钢气体,广钢气体股份,"GUANGZHOU GUANGGANG GASES & ENERGY CO.,LTD.",20230815
688550,-,瑞联新材,瑞联新材料,"Xi'an Manareco New Materials Co., Ltd.",20200902
688551,-,科威尔,科威尔股份,"KEWELL TECHNOLOGY CO., LTD.",20200910
688552,-,航天南湖,航天南湖,"AEROSPACE NANHU ELECTRONIC INFORMATION TECHNOLOGY CO., LTD.",20230518
688553,-,汇宇制药,汇宇制药,"SICHUAN HUIYU PHARMACEUTICAL CO., LTD.",20211026
688556,-,高测股份,高测科技股份,"Qingdao Gaoce Technology Co., Ltd.",20200807
688557,-,兰剑智能,兰剑智能,"BlueSword Intelligent Technology Co.,Ltd.",20201202
688558,-,国盛智科,国盛智科股份,"Nantong Guosheng Intelligence Technology Group Co., Ltd.",20200630
688559,-,海目星,海目星激光,"HYMSON LASER TECHNOLOGY GROUP CO.,LTD.",20200909
688560,-,明冠新材,明冠新材料,"Crown Advanced Material Co., Ltd.",20201224
688561,-,奇安信,奇安信集团,Qi An Xin Technology Group Inc.,20200722
688562,-,航天软件,航天软件股份,"BEIJING SHENZHOU AEROSPACE SOFTWARE TECHNOLOGY CO., LTD.",20230524
688563,-,航材股份,航空材料股份,"BAIMTEC MATERIAL CO.,LTD.",20230719
688565,-,力源科技,力源科技,"Zhejiang Haiyan Power System Resources Environmental Technology Co.,Ltd",20210513
688566,-,吉贝尔,吉贝尔药业,"Jiangsu Jibeier Pharmaceutical Co.,Ltd.",20200518
688567,-,孚能科技,孚能科技,"Farasis Energy (Gan Zhou) Co., Ltd.",20200717
688568,-,中科星图,中科星图公司,"Geovis Technology Co.,Ltd",20200708
688569,-,铁科轨道,铁科轨道,"Beijing Tieke Shougang Railway-Tech Co.,Ltd.",20200831
688570,-,天玛智控,天玛智控,"BEIJING TIANMA INTELLIGENT CONTROL TECHNOLOGY CO., LTD.",20230605
688571,-,杭华股份,杭华油墨股份,"Hangzhou Tokaink Co.,Ltd.",20201211
688573,-,信宇人,信宇人,"SHENZHEN XINYUREN TECHNOLOGY CO.,LTD.",20230817
688575,-,亚辉龙,亚辉龙生物,"Shenzhen YHLO Biotech Co., Ltd.",20210517
688576,-,西山科技,西山科技,"CHONGQING XISHAN SCIENCE&TECHNOLOGY CO., LTD.",20230606
688577,-,浙海德曼,海德曼装备,"Zhe Jiang Headman Machinery Co., Ltd.",20200916
688578,-,艾力斯,艾力斯医药科技,"Shanghai Allist Pharmaceuticals Co., Ltd.",20201202
688579,-,山大地纬,山大地纬软件,"Dareway Software Co.,Ltd.",20200717
688580,-,伟思医疗,伟思医疗,"Nanjing Vishee Medical Technology Co., Ltd.",20200721
688581,-,安杰思,安杰思医学,"HANGZHOU AGS MEDICAL TECHNOLOGY CO., LTD.",20230519
688582,-,芯动联科,芯动联科,ANHUI XDLK MICROSYSTEM CORPORATION LIMITED,20230630
688585,-,上纬新材,上纬新材,"Swancor Advanced Materials Co., Ltd.",20200928
688586,-,江航装备,江航飞机装备,AVIC HEFEI JIANGHANG AIRCRAFT EQUIPMENT CORPORATION LTD.,20200731
688588,-,凌志软件,凌志软件,"Linkage Software Co.,Ltd.",20200511
688589,-,力合微,力合微电子,Leaguer (Shenzhen) Microelectronics Corp.,20200722
688590,-,新致软件,新致软件,"Shanghai Newtouch Software Co.,Ltd.",20201207
688591,-,泰凌微,泰凌微,"TELINK SEMICONDUCTOR(SHANGHAI)CO.,LTD.",20230825
688592,-,司南导航,司南导航,COMNAV TECHNOLOGY LTD.,20230816
688593,-,新相微,新相微,"SHANGHAI NEW VISION MICROELECTRONICS CO., LTD.",20230601
688595,-,芯海科技,芯海科技,"Chipsea Technologies (Shenzhen) Corp., Ltd.",20200928
688596,-,正帆科技,正帆科技,"SHANGHAI GENTECH CO., LTD.",20200820
688597,-,煜邦电力,煜邦电力,"Beijing Yupont Electric Power Technology Co., Ltd.",20210617
688598,-,金博股份,金博碳素股份,"KBC Corporation, Ltd.",20200518
688599,-,天合光能,天合光能,"TRINA SOLAR CO., LTD.",20200610
688600,-,皖仪科技,皖仪科技,"Anhui Wanyi Science and Technology Co.,Ltd.",20200703
688601,-,力芯微,力芯微股份,"Wuxi Etek Microelectronics Co.,Ltd.",20210628
688602,-,康鹏科技,康鹏科技,SHANGHAI CHEMSPEC CORPORATION,20230720
688603,-,天承科技,天承科技,"GUANGDONG SKYCHEM TECHNOLOGY CO., LTD.",20230710
688606,-,奥泰生物,奥泰生物,"HANGZHOU ALLTEST BIOTECH CO.,LTD.",20210325
688607,-,康众医疗,康众数字医疗科技,"CareRay Digital Medical Technology Co., Ltd.",20210201
688608,-,恒玄科技,恒玄科技,"Bestechnic (Shanghai) Co., Ltd.",20201216
688609,-,九联科技,广东九联科技,"Unionman Technology Co., Ltd.",20210323
688610,-,埃科光电,埃科光电,"HEFEI I-TEK OPTOELECTRONICS CO., LTD.",20230719
688611,-,杭州柯林,杭州柯林股份,Hangzhou Kelin Electric Co.Ltd.,20210412
688612,-,威迈斯,威迈斯,"SHENZHEN VMAX NEW ENERGY CO., LTD.",20230726
688613,-,奥精医疗,奥精医疗,"Allgens Medical Technology Co., Ltd.",20210521
688616,-,西力科技,西力科技,"Hangzhou Xili Intelligent Technology Co.,Ltd.",20210318
688617,-,惠泰医疗,惠泰医疗,Apt Medical Inc.,20210107
688618,-,三旺通信,三旺通信,"3onedata Co., Ltd.",20201230
688619,-,罗普特,罗普特科技,"Ropeok Technology Group Co.,Ltd.",20210223
688620,-,安凯微,安凯微电子,"GUANGZHOU ANYKA MICROELECTRONICS CO., LTD.",20230627
688621,-,阳光诺和,阳光诺和,"Beijing Sun-Novo Pharmaceutical Research Co.,Ltd.",20210621
688622,-,禾信仪器,禾信仪器,"Guangzhou Hexin Instrument Co., Ltd.",20210913
688623,-,双元科技,双元科技,"ZHEJIANG SHUANGYUAN TECHNOLOGY CO., LTD.",20230608
688625,-,呈和科技,呈和科技,"Gch Technology Co.,Ltd.",20210607
688626,-,翔宇医疗,翔宇医疗,"XIANGYU MEDICAL CO.,LTD",20210331
688627,-,精智达,精智达技术,"SHENZHEN SEICHI TECHNOLOGIES CO., LTD.",20230718
688628,-,优利德,优利德科技,"Uni-Trend Technology (China) Co.,Ltd.",20210201
688629,-,华丰科技,四川华丰科技,"SICHUAN HUAFENG TECHNOLOGY CO., LTD.",20230627
688630,-,芯碁微装,芯碁微装,"CIRCUIT FABOLOGY MICROELECTRONICS EQUIPMENT CO., LTD.",20210401
688631,-,莱斯信息,莱斯信息,"NANJING LES INFORMATION TECHNOLOGY CO., LTD",20230628
688633,-,星球石墨,星球石墨,"Nantong Xingqiu Graphite Co., Ltd.",20210324
688636,-,智明达,智明达电子,"Chengdu Zhimingda Electronics Co., Ltd.",20210408
688638,-,誉辰智能,誉辰智能,"SHENZHEN UTIMES INTELLIGENT EQUIPMENT CO., LTD.",20230712
688639,-,华恒生物,华恒生物,"Anhui Huaheng Biotechnology Co., Ltd.",20210422
688646,-,逸飞激光,逸飞激光,WUHAN YIFI LASER CORPORATION LIMITED,20230728
688651,-,盛邦安全,远江盛邦安全,"WEBRAY TECH (BEIJING) CO.,LTD.",20230726
688655,-,迅捷兴,迅捷兴科技,SHENZHEN XUNJIEXING TECHNOLOGY CORP. LTD,20210511
688656,-,浩欧博,浩欧博生物,"HOB BIOTECH GROUP CORP.,LTD.",20210113
688658,-,悦康药业,悦康药业,"Youcare Pharmaceutical Group Co.,Ltd.",20201224
688659,-,元琛科技,元琛科技,"Anhui Yuanchen Environmental Protection Science & Technology Co., Ltd.",20210331
688660,-,电气风电,电气风电,"Shanghai Electric Wind Power Group Co., Ltd.",20210519
688661,-,和林微纳,和林微纳科技,"Suzhou Uigreen Micro&Nano Technologies Co.,Ltd",20210329
688662,-,富信科技,广东富信科技,"Guangdong Fuxin Technology Co., Ltd.",20210401
688663,-,新风光,新风光科技,"Windsun Science Technology Co.,Ltd.",20210413
688665,-,四方光电,四方光电股份,"Cubic Sensor and Instrument Co.,Ltd",20210209
688667,-,菱电电控,菱电电控,"Wuhan Lincontrol Automotive Electronics Co., Ltd.",20210312
688668,-,鼎通科技,鼎通科技,"Dongguan Dingtong Precision Metal Co.,Ltd.",20201221
688669,-,聚石化学,聚石化学股份,"Polyrocks Chemical Co.,Ltd.",20210125
688670,-,金迪克,金迪克生物,"Jiangsu GDK Biological Technology Co., Ltd.",20210802
688671,-,碧兴物联,碧兴物联,"BESCIENT TECHNOLOGIES CO.,LTD.",20230809
688676,-,金盘科技,海南金盘智能科技,"Hainan Jinpan Smart Technology Co., Ltd.",20210309
688677,-,海泰新光,青岛海泰新光,"Qingdao Novelbeam Technology Co.,Ltd.",20210226
688678,-,福立旺,福立旺精密,"FREEWON CHINA CO.,LTD.",20201223
688679,-,通源环境,通源环境,"Anhui Tongyuan Environment Energy Saving Co.,Ltd.",20201225
688680,-,海优新材,海优新材,"SHANGHAI HIUV NEW MATERIALS CO.,LTD",20210122
688681,-,科汇股份,科汇电力自动化,"Shandong Kehui Power Automation Co., Ltd.",20210616
688682,-,霍莱沃,霍莱沃技术,"Shanghai Hollywave Electronic System Co., Ltd.",20210420
688683,-,莱尔科技,莱尔科技,"GuangDong Leary New Material Technology Co.,Ltd",20210412
688685,-,迈信林,迈信林航空股份,Jiangsu Maixinlin Aviation Science and Technology Corp.,20210513
688686,-,奥普特,奥普特科技,"OPT Machine Vision Tech Co., Ltd.",20201231
688687,-,凯因科技,北京凯因科技,"Beijing Kawin Technology Share-Holding Co., Ltd.",20210208
688689,-,银河微电,常州银河微电,"Changzhou Galaxy Century Microelectronics Co.,Ltd.",20210127
688690,-,纳微科技,纳微科技,"SUZHOU NANOMICRO TECHNOLOGY CO., LTD",20210623
688693,-,锴威特,锴威特,"SUZHOU CONVERT SEMICONDUCTOR CO., LTD.",20230818
688696,-,极米科技,极米科技,"CHENGDU XGIMI TECHNOLOGY CO., LTD.",20210303
688697,-,纽威数控,纽威数控装备,"Neway CNC Equipment (Suzhou) Co., Ltd.",20210917
688698,-,伟创电气,伟创电气,"Suzhou Veichi Electric Co., Ltd.",20201229
688699,-,明微电子,明微电子,"Shenzhen Sunmoon Microelectronics Co., Ltd.",20201218
688700,-,东威科技,东威科技,"Kunshan Dongwei Technology Co.,Ltd.",20210615
688701,-,卓锦股份,浙江卓锦股份,"Zhejiang Zone-King Environmental Sci&Tech Co., Ltd.",20210916
688707,-,振华新材,振华新材料,Guizhou Zhenhua E-chem Inc.,20210914
688711,-,宏微科技,江苏宏微科技,"Macmic Science&Technology Co., Ltd.",20210901
688718,-,唯赛勃,唯赛勃科技,"Wave Cyber (Shanghai)Co., Ltd.",20210728
688722,-,同益中,同益中新材料,BEIJING TONGYIZHONG NEW MATERIAL TECHNOLOGY CORPORATION,20211019
688728,-,格科微,格科微有限公司,Galaxycore Inc.,20210818
688733,-,壹石通,壹石通,"Anhui Estone Materials Technology Co., Ltd.",20210817
688737,-,中自科技,中自科技,"SINOCAT ENVIRONMENTAL TECHNOLOGY CO.,LTD.",20211022
688739,-,成大生物,成大生物,"LIAONING CHENGDA BIOTECHNOLOGY CO.,LTD.",20211028
688766,-,普冉股份,普冉半导体,"Puya Semiconductor (Shanghai) Co., Ltd.",20210823
688767,-,博拓生物,杭州博拓生物科技,"Jiangsu GDK Biological Technology Co., Ltd.",20210908
688768,-,容知日新,容知日新,Anhui Ronds Science&Technology Incorporated Company,20210726
688772,-,珠海冠宇,珠海冠宇电池,"ZHUHAI COSMX BATTERY CO., LTD.",20211015
688776,-,国光电气,国光电气,"CHENGDU GUOGUANG ELECTRONICS COMPANY,LTD",20210831
688777,-,中控技术,中控技术,"Zhejiang Supcon Technology Co., Ltd.",20201124
688778,-,厦钨新能,厦钨新能源,"XTC New Energy Materials(Xiamen) Co.,Ltd.",20210805
688779,-,长远锂科,长远锂科,"Hunan Changyuan Lico Co.,Ltd.",20210811
688786,-,悦安新材,悦安新材,"Jiangxi Yuean Advanced Materials Co.,Ltd.",20210826
688787,-,海天瑞声,海天瑞声,Beijing Haitian Ruisheng Science Technology Ltd.,20210813
688788,-,科思科技,科思科技,"Shenzhen Consys Science&Technology Co., Ltd.",20201022
688789,-,宏华数科,杭州宏华数码科技,Hangzhou Honghua Digital Technology Stock Company LTD.,20210708
688793,-,倍轻松,倍轻松科技,"Shenzhen Breo Technology Co.,Ltd",20210715
688798,-,艾为电子,艾为电子,"SHANGHAI AWINIC TECHNOLOGY CO.,LTD.",20210816
688799,-,华纳药厂,华纳大药厂,"Hunan Warrant Pharmaceutical Co., Ltd.",20210713
688800,-,瑞可达,瑞可达连接系统,"Suzhou Recodeal Interconnect System Co.,Ltd.",20210722
688819,-,天能股份,天能电池集团股份,"Tianneng Battery Group Co.,Ltd.",20210118
688981,-,中芯国际,中芯国际,Semiconductor Manufacturing International Corporation,20200716
689009,-,九号公司,九号公司,Ninebot Limited,20201029